Funding agency,Program title,Sub-program title,Purpose,Category1,Category2,Category3,Applicant type1,Applicant type2,Applicant type3,Client group1,Client group2,Client group3,Client group4,Client group5,Client group6,Business specific activity1,Business specific activity2,Business specific activity3,Business specific activity4,Business specific activity5,Assistance type1,Assistance type2,Assistance type3,Status,Opening date (date format),Closing date (date format),Opening date (text),Closing date (text),Financial year budget,Additional budget information,Website,Maximum (indicative) grant amount (dollar amount),Maximum (indicative) grant amount (text),Eligibility,How will I know if I'm successful?,Service ID,Category,Client Group,Application Type,Funding
DESBT,Aviation Strategy,,"To provide an institutional pathway for aircraft maintenance engineer apprenticeship for eligible participants, addressing the skills shortages in the aviation industry.",Education and training,Employment and jobs,,Predetermined recipient/s,,,Jobseekers,,,,,,,,,,,Grant,,,Open,,,,,3000000,,https://desbt.qld.gov.au/training,,,Program is only delivered by Aviation Australia. Further information is available on the Aviation Australia website.,,61001,,,,
DESBT,Back to Work Regional Program,,Back to Work - Regional Employment Package (Back to Work)** is a four-year $383 million initiative designed to give businesses the confidence to employ regional jobseekers and provide an economic boost to regions facing challenging times,Employment and jobs,Business and industry,,"Business, startup or entrepreneur",Community group/not for profit,,Employers,Employees,Jobseekers,Rural communities,Non-government organisations,,Grow your business,,,,,Grant,,,Open,1/07/2016,,,Applications are available for jobs commencing up to 30 June 2021 unless funds expended earlier,34960696,,https://backtowork.initiatives.qld.gov.au/,,"Employer Support Payments of $10,000 for a jobseeker previously unemployed between four and 52 weeks increasing to $15,000 for a jobseeker previously unemployed for 52 weeks or more.  Youth Boost Payments of $20,000 for a jobseeker previously unemployed for four weeks or more and aged between 15-24 years. Apprentice and Trainee Boost payment of up to $20,000 for a jobseeker previously unemployed for a minimum of four weeks and is an eligible apprentice or trainee.","**Who is an eligible employer?**

All employers are eligible except for government entities (local, State and Commonwealth governments and entities including government owned corporations and statutory bodies). Employers must have:

- a good workplace safety and industrial relations record and
- a genuine commitment to ongoing employment of the employee.

**What is an eligible job?**

The job offered must be:

- mainly located in regional Queensland (excluding South East Queensland) and
- ongoing paid full-time (at least 35 hours per week on average) or
- ongoing paid part-time (at least 20 hours per week on average) or
- for a person with a disability who has a workplace assessment to work between 8 and 20 hours per week, hours consistent with their approved benchmark, on average or
- a registered and eligible Queensland full-time or part-time apprenticeship.

**Who is an eligible employee?**

An eligible employee for the Employer Support Payment:

­- must be a permanent resident of Australia and their principal place of residency is in Queensland 
­- must have been unemployed for the minimum period for the specified support payment directly prior to commencing employment with the eligible employer 
­- has not worked for the eligible employer in the 52 weeks directly prior to commencing employment with the eligible employer
­- at the time the initial payment application is made, has been in paid employment with the eligible employer for at least four weeks but not more than 12 weeks 
­- is not currently and was not a full-time student within four weeks immediately prior to commencing with the eligible employer 
­- must not have displaced any existing workers
­- if the employee has a disability, must be engaged in mainstream employment.
An eligible employee for the Apprentice and Trainee Boost payment:
   - must meet all the criteria for an Employer Support Payment and 
-  must have been unemployed for at least four weeks directly prior to commencing employment with the eligible employer 
-  be undertaking a registered and eligible apprenticeship or traineeship.                                                                                                                                                                                                                                                                                                                                                                                                                                                                                                                                                                                                                                                  An eligible employee for the Youth Boost Payment:

- must meet all of the criteria for an Employer Support Payment and must have been unemployed for at least four weeks directly prior to commencing employment with the eligible employer 
- must be over the age of 15 years and below the age of 25 years on the date they commenced employment with the eligible employer (but can turn 25 during the period of their employment). ",You will be notified by email as to the outcome of your application.,61002,,,,
DESBT,Back to Work South East Queensland Program,,"**Back to Work - South East Queensland Employment Package (Back to Work SEQ)** is designed to give businesses the confidence to employ long-term unemployed and unemployed young jobseekers in some parts of South East Queensland (SEQ). This program aims to facilitate unemployed jobseekers into the labour market and support them to create a strong connection to the labour force.

**Employer Support** Apprentice and Trainee Boost and **Youth Boost Payments** will be available for employers who hire an eligible jobseeker between 1 July 2017 and 30 June 2021

From 1 July 2018 Back to Work SEQ Employer Support Payments and Youth Boost Payments are offered in the following areas:

- Logan
- Scenic Rim
- Ipswich
- Lockyer Valley
- Somerset
- Moreton Bay",Employment and jobs,Business and industry,,"Business, startup or entrepreneur",Community group/not for profit,,Employers,Employees,Jobseekers,Non-government organisations,,,Grow your business,,,,,Grant,,,Open,1/07/2017,,,Applications are available for jobs commencing up to 30 June 2021 unless funds expended earlier,8195560,,https://backtowork.initiatives.qld.gov.au/,,"Employer Support Payments of $15,000 for a jobseeker previously unemployed for 52 weeks or more.  Youth Boost Payments of $20,000 for a jobseeker previously unemployed for four weeks or more and aged between 15-24 years. Apprentice and Trainee Boost payment of up to $20,000 for a jobseeker previously unemployed for a minimum of four weeks and is an eligible apprentice or trainee.","**Who is an eligible employer?**

All employers are eligible except for government entities (local, State and Commonwealth governments and entities including government owned corporations and statutory bodies). Employers must have:

- a good workplace safety and industrial relations record and
- a genuine commitment to ongoing employment of the employee.

**What is an eligible job?**

The job offered must be:

- mainly located in eligible South East Queensland local government areas and
- ongoing paid full-time (at least 35 hours per week on average) or
- ongoing paid part-time (at least 20 hours per week on average) or
- for a person with a disability who has a workplace assessment to work between 8 and 20 hours per week, hours consistent with their approved benchmark, on average or
- a registered and eligible Queensland full-time or part-time apprenticeship.

**Who is an eligible employee?**

An eligible employee for the Employer Support Payment:

­- must be a permanent resident of Australia and their principal place of residency is in Queensland
­- must have been unemployed for the minimum period for the specified support payment directly prior to commencing employment with the eligible employer 
­- has not worked for the eligible employer in the 52 weeks directly prior to commencing employment with the eligible employer and
­- commenced employment with the eligible employer from 1 July 2019
­- at the time the initial payment application is made, has been in paid employment with the eligible employer for at least four weeks but not more than 12 weeks
­- is not currently or was not a full-time student within four weeks immediately prior to commencing with the eligible employer 
­- must not have displaced any existing workers 
­- if the employee has a disability, must be engaged in mainstream employment.
                              
 An eligible employee for the Apprentice and Trainee Boost payment:
   - must meet all the criteria for an Employer Support Payment and 
-  must have been unemployed for at least four weeks directly prior to commencing employment with the eligible employer 
-  be undertaking a registered and eligible apprenticeship or traineeship.                                                                                                                                                                                                                                                                                                                                                                                                                                                                                                                                                An eligible employee for the Youth Boost Payment:

- must meet all of the criteria for an Employer Support Payment except for the requirement to have been unemployed for a period of 52 weeks and
Was unemployed for at least four weeks directly prior to commencing employment with the eligible employer 
- must be over the age of 15 years and below the age of 25 years on the date they commenced employment with the eligible employer (but can turn 25 during the period of their employment).",You will be notified by email as to the outcome of your application.,61003,,,,
DESBT,Business Growth Fund,,"The Business Growth Fund (BGF) targets high-growth businesses who can accelerate growth, drive the Queensland economy and employ more Queenslanders.
The BGF program administered by the Department of Employment, Small Business and Training (DESBT) provides grant funding for small and medium businesses experiencing high-growth.
The grant funding assists the business to buy specialised equipment to unlock growth potential, increase production, expand its workforce and maximise economic returns.

If successful, a single up-front payment of up to $50,000 (excluding GST) is made available for the business to purchase and implement highly specialised equipment to enable the business to move to the next stage of growth. Grant funding will be awarded after a competitive assessment process that includes pitching to business experts and DESBT executives. The applicant must also fund at least 25 per cent of project costs to purchase and implement the specialised equipment. 

The grant funding must be used to purchase specialised equipment to meet business growth. The equipment must have a direct link to increasing employment and maximising economic returns.

Examples of eligible highly specialised equipment include (but are not limited to):
· production equipment to meet otherwise unachievable growth demand
· advanced manufacturing or digital equipment and systems, or
· advanced logistics systems and equipment 
",Business and industry,Employment and jobs,,"Business, startup or entrepreneur",,,Businesses,,,,,,Grow your business,Coaching & mentoring,Exporting,,,Grant,,,Closed,11/05/2021,16/08/2021,,The program will remain open for applications until the budget is fully allocated.,2500000,,https://www.business.qld.gov.au/growthfund,50000,,"To be eligible for this grant, the business must:

· have a trading history of a minimum of three years at the time of applying for the grant
· have a minimum turnover of $500,000 for the last financial year
· have fewer than 50 employees at the time of applying for the grant
· have an active Australian Business Number (ABN) and be registered for GST
· have Queensland headquarters
· have competitive opportunities in domestic or international markets
· be experiencing growth and have clearly defined high-growth and employment opportunities in Queensland, and
· not be insolvent or have owners/directors that are an undischarged bankrupt

To determine if the BGF program is suitable, businesses must also complete a Mentoring for Growth (M4G) session prior to being invited to complete an application. 

The applying business must be able to provide the following supporting documentation:

  * a business plan 
  * projected business figures
  * a simple balance sheet
  * a simple profit and loss statement
  *a quote/proposal that provides comprehensive details of the specialised equiptment that you will be purchasing as part of the project

Only 1 application will be accepted from an individual ABN or a financial beneficiary of a business for consideration at any one time.

Previous successful applicants of Round 1 and 2 are ineligible to reapply for funding under this program. 

Refer to program guidelines at www.business.qld.gov.au/growthfund for detailed information.
",You will be notified by email as to the outcome of your application.,61004,,,,
DESBT,Certificate 3 Guarantee,,"Supports eligible individuals to complete their first post school certificate III level qualification and increase their skills to move into employment, re-enter the workforce or advance their career.",Education and training,Employment and jobs,,"Business, startup or entrepreneur",Individual seeking grant or assistance,,Students,Jobseekers,Employees,,,,,,,,,Concession,Grant,,Open,,,,,201586427,,https://desbt.qld.gov.au/training/docs-data/strategies/vetinvest,,,"Registered training organisations who are also approved pre qualified suppliers. The program is open to any Queensland resident aged 15 years or over who is no longer at school (with the exception of VET in Schools students) and is an Australian or New Zealand citizen or Australian permanent resident (including humanitarian entrants), or a temporary resident with the necessary visa and on the pathway to permanent residency. Prospective students must not have or be enrolled in a certificate III or higher qualification (not including qualifications completed at school and foundation skills training).",,61005,,,,
DESBT,Construction Brokerage,,"Industry led training delivery in the civil construction industry by both public and private registered training organisations. Training lead by the peak industry body, Construction Skills Queensland.",Education and training,,,Predetermined recipient/s,,,Non-government organisations,,,,,,,,,,,Grant,,,Open,,,,,2752000,,https://desbt.qld.gov.au/training/employers/funding/other,,,"Only available to peak industry body, Construction Skills Queensland thought direct negotiation.",,61006,,,,
DESBT,Gateway to Industry Schools,,Funding provided to organisations to run the Gateway to Industry Schools Program under a services agreement.,Education and training,Employment and jobs,,Predetermined recipient/s,,,Government,,,,,,,,,,,Grant,,,Open,,,,,2650000,,https://desbt.qld.gov.au/training/employers/gateway-schools,,,Only available to Gateway Schools.,,61007,,,,
DESBT,Higher Level Skills,,This program helps individuals to gain the higher-level skills and qualifications required to secure employment or career advancement in a priority industry. It may also help individuals transition to university study in areas aligned to priority occupations for industry and the economy. The program provides eligible individuals with access to one subsidised training place in priority certificate IV level and above qualifications or priority skill sets.,Education and training,Employment and jobs,,"Business, startup or entrepreneur",Individual seeking grant or assistance,,Students,Jobseekers,Employees,,,,,,,,,Concession,Grant,,Open,,,,,75000000,,https://desbt.qld.gov.au/training/providers/funded/higher-level-skills,,,Registered training organisations who are also approved pre qualified suppliers.,,61008,,,,
DESBT,Indigenous VET Partnership,,The Indigenous VET Partnerships will invest in accredited training and assessment services that will improve employment outcomes for Aboriginal and Torres Strait Islanders across the state. Initiatives and programs will need to show value for money and clear pathways to employment.,Education and training,Aboriginal and Torres Strait Islander peoples,,Predetermined recipient/s,,,Aboriginal and Torres Strait Islanders,Students,Employees,,,,,,,,,Grant,,,Open,,,,,1000000,,https://training.qld.gov.au/community-orgs/funded/vet-partnership,,,,,61009,,,,
DESBT,Queensland Group Training Program,,Funding is to support Group Training Organisations and to assist with the continued growth of apprenticeship commencements and to reduce attrition rates.,Education and training,Employment and jobs,,Predetermined recipient/s,,,Jobseekers,Employees,,,,,,,,,,Grant,,,Closed,,,,,3250343,,https://desbt.qld.gov.au/,,,Only available to recognised Group Training Organisations in Queensland. Through direct negotiation.,,61010,,,,
DESBT,Registered Trade Skills Pathways,,"Pilot program as an alternative to traditional apprenticeship pathway that is run across the construction, hospitality and manufacturing industries.",Education and training,Employment and jobs,,Predetermined recipient/s,,,Employees,,,,,,,,,,,Grant,,,Open,,,,,1000000,,https://desbt.qld.gov.au/,,,Not published on departmental site as the partner organisations advertise on their websites.,,61011,,,,
DESBT,Skilling Queenslanders for Work,Community Work Skills,"Funds community based organisations to deliver tailored support and assistance to participants to help them gain nationally recognised skills and qualifications. This includes career advice, job preparation skills, foundation skills and individual case management.",Education and training,Employment and jobs,,Community group/not for profit,,,Jobseekers,,,,,,,,,,,Grant,,,Closed,,,,,16800000,Community Work Skills,https://desbt.qld.gov.au/training/training-careers/incentives/sqw,,,Not-for-profit community-based organisations,,61012,,,,
DESBT,Skilling Queenslanders for Work,Work Skills Traineeship,"Funds paid work placements on community, public works and environmental projects for up to 6 months. Participants undertake a Work Skills Traineeship (Certificate I in Business, Construction, Conservation and Land Management, Hospitality or Retail Services) that integrates vocational skills with on the job training.",Education and training,Employment and jobs,,Community group/not for profit,,,Jobseekers,,,,,,,,,,,Grant,,,Closed,,,,,37050000,Work Skills Traineeships,https://desbt.qld.gov.au/training/training-careers/incentives/sqw,,,Not-for-profit community-based organisations and local councils,,61013,,,,
DESBT,Skilling Queenslanders for Work,Ready for Work,Funds community based organisations and school Parents and Citizens' and Parents and Friends' associations to deliver basic job preparation and employability skills courses up to 6-8 weeks to unemployed youth aged 15-24 years to get them ready for work.,Education and training,Employment and jobs,,Community group/not for profit,,,Jobseekers,,,,,,,,,,,Grant,,,Closed,,,,,1500000,Ready for Work,https://desbt.qld.gov.au/training/training-careers/incentives/sqw,,,Not-for-profit community-based organisations,,61014,,,,
DESBT,Skilling Queenslanders for Work,Get Set for Work,"Funds community-based organisations to deliver intensive employment and training assistance over 12 months to 15-19 year old early school leavers and disadvantaged young people to transition them to the workforce, undertake further education and training or return to school.",Education and training,Employment and jobs,,Community group/not for profit,,,Jobseekers,,,,,,,,,,,Grant,,,Closed,,,,,8750000,Get Set for Work,https://desbt.qld.gov.au/training/training-careers/incentives/sqw,,,Not-for-profit community-based organisations with proven experience and success in assisting young people,,61015,,,,
DESBT,Skilling Queenslanders for Work,Youth Skills,"Funds community based organisations to assist 15-24 year olds engaged with Youth Justice or Queensland Corrective Services, to undertake nationally recognised training and provide integrated learner support.",Education and training,Employment and jobs,,Community group/not for profit,,,Jobseekers,,,,,,,,,,,Grant,,,Closed,,,,,1000000,Youth Skills,https://desbt.qld.gov.au/training/training-careers/incentives/sqw,,,Not-for-profit community-based organisations with proven experience and success in assisting young people who are engaged with Youth Justice or Queensland Corrective Services,,61016,,,,
DESBT,Skilling Queenslanders for Work,Work Start Incentives,"Incentive program that rewards private sector employers, ineligible for Back to Work employer support payments, with a one-off $10,000 payment after a qualifying period if they employ a Queenslander in a traineeship or apprenticeship who has participated in a Community Work Skills, Work Skills Traineeships, Get Set for Work, Ready for Work or Youth Skills project.",Education and training,Employment and jobs,,"Business, startup or entrepreneur",,,Jobseekers,,,,,,,,,,,Grant,,,Open,,,,,4000000,Work Start incentives,https://desbt.qld.gov.au/training/training-careers/incentives/sqw,,,Private sector employers who employer a former Skilling Queenslanders for Work (SQW) participant as a trainee or apprentice.,,61017,,,,
DESBT,Skilling Queenslanders for Work,First Start - Councils,Provides wage subsidies to local councils to employ additional trainees for 12 months.,Education and training,Employment and jobs,,Local government,,,Jobseekers,Employees,Employers,Businesses,,,,,,,,Grant,,,Closed,,,,,6000000,First Start - Councils,https://desbt.qld.gov.au/training/training-careers/incentives/sqw,,,Queensland local councils.,,61018,,,,
DESBT,Skilling Queenslanders for Work,First Start - CBOs,Provides wage subsidies to not-for-profit organisations to employ additional trainees for 12 months.,Education and training,Employment and jobs,,Community group/not for profit,,,Jobseekers,Employees,Employers,Businesses,,,,,,,,Grant,,,Open,,,,,2900000,First Start - CBOs,https://desbt.qld.gov.au/training/training-careers/incentives/sqw,,,Not-for-profit community-based organisations.,,61019,,,,
DESBT,Small Business Digital Grants Program,,"This program provides small businesses with access to digital technologies and services to enable them to work smarter, engage with the global economy and make the most of online business opportunities arising from digital disruption.

If successful, a 50% funding contribution of up to $10,000 (excluding GST) is provided following completion of your proposal / implementation of the project. The business must clearly demonstrate how the product or service will significantly enhance the digital capabilities of the business and how they will impact on the growth of the business (be more competitive and employ more staff). 

The digital technology or service must fall under one of four identified priority areas:

- receiving payments or selling online
- digital planning, digital marketing strategy development, and digital training 
- specialised digital technology and/or business specific software  
- content development (web pages, mobile apps, visual and audio media etc.)



#####We will not fund the following:

* projects with a total cost less than $2 000 will not be funded, as the minimum grant funding amount that can be provided is $1 000 
* travel costs for any party 
* services delivered in-kind (funding will only cover services paid for via a financial transaction) 
* fees for services provided by related parties (such as companies with common shareholdings or directorship with the applicant, and employees or immediate family of the applicant) 
* franchise fees or related costs 
* direct-selling businesses (where sales of another business goods or services are made in the customers home, work or other meeting place through methods such as party plan and network marketing) 
* maintenance of existing digital technologies 
* website hosting as a stand-alone cost. Website hosting will be covered up to 
12 months if it is part of a new website build or upgrade but it is not eligible as a stand-alone cost and must be paid in full by the project completion date 
* purchase of non-project related assets such as stock 
* salaries 
* general business operating costs (including bookkeeping/accounting and tax returns) 
* paid advertising campaigns e.g. Google AdWords, Facebook advertising or similar expenses. The grant can cover the development of an online marketing plan but not the actual advertising cost 
* goods or services purchased or any payments made prior to the grant funding approval date.",Business and industry,Employment and jobs,,"Business, startup or entrepreneur",,,Businesses,,,,,,Starting a new business,Grow your business,Coaching & mentoring,,,Grant,,,Closed,,,,,1313100,,https://www.business.qld.gov.au/digital ,10000,,"To be eligible the business must:

- have fewer than 20 employees at the time of applying for the grant
- have an Australian Business Number (ABN) and be registered for GST
- have Queensland headquarters
- have a turnover of $2 million or less for the last financial year
- not be insolvent or have owners/directors that are an undischarged bankrupt.

The participating business must provide a project report on completion of the project detailing how the funds were spent and the impact it has had on the business.

Applications will also be prioritised by:

- the impact the digital technology or service will have on the business (measured by revenue growth, increase in gross profit, time savings, employment outcomes)
- the extent to which the digital technology or service will enhance the digital capabilities of the business to make the business more competitive
- the potential and likelihood the activity will deliver jobs growth
- value for money.

Refer to program guidelines at www.business.qld.gov.au/digital for detailed information.",You will be notified by email as to the outcome of your application.,61020,,,,
DESBT,Small Business Entrepreneur Grants Program,,"This program provides newly started small businesses access to professional advice and support in the critical early stages of establishing a business.

Matched funding of up to $5,000 (excluding GST) may be provided to eligible businesses to participate in training, engage a consultant, advisor, or business coach for up to 3 months to help establish or develop the business. The advice must fall under 1 or more of the following areas:

  * mentoring/coaching
  * business and strategic planning
  * professional business advice (information technology (IT), legal or financial)
  * marketing strategy development (branding strategies, social media/digital strategies, market research).

#####We will not fund the following activities:

  * project proposals delivered over a timeframe longer than 3 months
  * projects with a total cost less than $2,000
  * travel costs for any party
  * services delivered in-kind (funding will only cover services paid for via a financial transaction)
  * fees for services provided by related parties (such as companies with common shareholdings or a directorship with the applicant, and employees or immediate family of the applicant)
  * franchise fees or related costs
  * direct-selling businesses (where sales of another business's goods or services are made in the customer's home, work or other meeting place through methods such as party plan and network marketing)
  * purchase of assets, such as stock
  * salaries
  * general business operating costs (including bookkeeping/accounting and tax returns)
  * paid advertising campaigns (i.e. Google AdWords, Facebook advertising or similar expenses). The grant can cover the development of a marketing strategy but not the actual advertising cost
  *goods or services purchased or any payments made prior to the grant funding approval date.",Business and industry,Employment and jobs,,"Business, startup or entrepreneur",,,Businesses,,,,,,Starting a new business,Coaching & mentoring,Grow your business,,,Grant,,,Closed,,,,,650600,,https://www.business.qld.gov.au/entrepreneur,5000,,"To be eligible the business must:

- have a business name registered within the last 4 years
- have fewer than 20 employees at the time of applying for the grant
- have an Australian Business Number (ABN) 
- have a Queensland headquarters
- not be insolvent or have owners/directors that are an undischarged bankrupt.

The participating business must provide a project report on completion of the project detailing how the funds were spent and the impact it has had on the business.

Only 1 application will be accepted from an individual ABN or a financial beneficiary of a business for consideration under each round.

Further assessment will include:

- the extent to which the service will support establishment and development of the business
- the extent to which the service will enhance the owner's skills and abilities
- potential business improvements
- value for money.

Refer to [program guidelines] (www.business.qld.gov.au/entrepreneur) for detailed information.",You will be notified by email as to the outcome of your application.,61021,,,,
DESBT,State Contribution Grants - Public Providers,,Subsidises public providers for costs incurred in areas of competitive disadvantage in comparison to private VET providers.,Education and training,,,Predetermined recipient/s,,,Government,,,,,,,,,,,Grant,,,Open,,,,,201366500,,https://desbt.qld.gov.au/,,,"Only available for public providers, TAFE Qld, CQU, Aviation Aust, Aboriginal Centre for Preforming Arts.",,61022,,,,
DESBT,TAFE Priority Skills Fund,,"Provides additional support to eligible Queensland residents in a specific range of diploma, certificate IV and certificate III programs. This funding is available to eligible students to commence study in applicable programs.",Education and training,,,Predetermined recipient/s,,,Students,Individuals,,,,,,,,,,Grant,,,Closed,,,,,16200000,,https://tafeqld.edu.au/study-with-us/what-it-costs/tafe-priority-training-program-courses.html,,,Program is only delivered by TAFE Queensland.,,61023,,,,
DESBT,Trade Skills Assessment and Gap Training,,The Trade Skills Assessment and Gap Training Program aims to assess the skills of experienced individuals who can demonstrate substantial competency in a priority trade qualification and provide gap training of no more than one-third of the competencies to complete the trade qualification.,Education and training,Employment and jobs,,Individual seeking grant or assistance,,,Employees,Jobseekers,,,,,,,,,,Grant,,,Open,,,,,5000000,,https://desbt.qld.gov.au/training/providers/funded/tradegap,,,Program is published on the departments website,,61024,,,,
DESBT,Travel and Accommodation Subsidy,,To provide a travel and accommodation subsidy for apprentices and trainees who are required to travel at least 100 kms return to attend training in relation to their apprenticeship or traineeship.,Education and training,Employment and jobs,,Individual seeking grant or assistance,,,Students,Employees,Employers,Businesses,,,,,,,,Concession,Grant,,Open,,,,,2110200,,https://desbt.qld.gov.au/training/apprentices/incentives/travel-accommodation,,,"Apprentices and trainees registered in Queensland who have to travel at least 100 km return to attend off-the-job training away from their usual place of employment may be eligible to claim subsidies. Apprentices and trainees must attend their closest training organisation able to deliver training in the relevant qualification, in order to be eligible for a subsidy.",,61025,,,,
DESBT,User Choice,,This program provides public funding directly to pre-qualified suppliers (PQS) for the delivery of accredited entry-level training to apprentices and trainees.,Education and training,Employment and jobs,,"Business, startup or entrepreneur",Individual seeking grant or assistance,,Employees,Employers,,,,,,,,,,Concession,Grant,,Open,,,,,192780000,,https://desbt.qld.gov.au/training/docs-data/strategies/vetinvest,,,"Employers and their apprentices and trainees can elect to do their training with their preferred RTO from a list of PQS. To view the list of PQS available to deliver training for each funded apprenticeship or traineeship, search the Queensland Training Information Service (QTIS). There is certain eligibility criteria that all parties are required to meet when employing an apprentice or trainee. This includes the requirement that the employer is willing to provide the workplace arrangements to support apprentices and trainees.",,61026,,,,
DESBT,VET in Schools,,"Funding provided to QCEC, EQ and Independent Schools Association to facilitate the development and delivery of activity that increases opportunities for secondary schools students to participate in vocational education and training. (Education Queensland has been included from the FY grant value).",Education and training,,,Predetermined recipient/s,,,Students,,,,,,,,,,,Grant,,,Closed,,,,,5239300,,https://desbt.qld.gov.au/training/providers/funded/vetis,,,"Only available to Education Queensland, Catholic Education and Independent Schools.",,61027,,,,
DESBT,World Skills,,"Queensland World Skills, World Skills Australia and Try a Trade.",Education and training,,,Predetermined recipient/s,,,Students,Employees,,,,,,,,,,Grant,,,Open,,,,,500000,,https://desbt.qld.gov.au/,,,Grant paid to SkillsTech to run the Queensland World Skills program and Try a Trade. Not published on the departmental website.,,61028,,,,
DESBT,Small Business Disaster Recovery Grants Program,,"Small Business Disaster Recovery Grants provide assistance to small businesses severely impacted by the North and Far North Queensland monsoonal trough to engage high-level expertise to help them recover and rebuild business confidence. Funding for building, plant and equipment repairs is available in specific circumstances.",Business and industry,,,"Business, startup or entrepreneur",,,Businesses,,,,,,Grow your business,,,,,Grant,,,Closed,10/06/2019,10/06/2021,,This grant will remain open for up to 2 years or when funds have been fully exhausted,1766148,"$3,000,000 over 2 years",https://www.business.qld.gov.au/starting-business/advice-support/grants/disaster-recovery,10000,,Eligibility criteria applies - please refer to guidelines,You will be notified by email as to the outcome of your application.,61029,,,,
DESBT,North Stradbroke Island Workers Assistance Scheme,,"To assist affected workers find alternative employment and support the ongoing economic viability of the North Stradbroke Island community. Funding is available for a range of assistance measures including training, job search support, access to financial advice, housing assistance, small business mentoring and employer wage subsidy.",Employment and jobs,,,Individual seeking grant or assistance,,,Employees,Businesses,Employers,,,,,,,,,Grant,,,Open,,,,,1487858,,https://desbt.qld.gov.au/employment/transition-programs/north-stradbroke-assistance,,,Available for current and former Sibelco workers employed as at 26 May 2016 at the company's operations on North Stradbroke Island (including the Pinkeba processing plant) made redundant as a result of the cessation of sand mining on North Stradbroke Island.,,61030,,,,
DESBT,Qld Social Enterprise Council,,"To provide funding totalling $275,000 to the Queensland Social Enterprise Council for bursaries, and to manage sectoral interests as a peak.",Employment and jobs,,,Predetermined recipient/s,,,Businesses,,,,,,Networking opportunities,,,,,Grant,,,Closed,,,,,55000,"$275,000 over 3 years",https://desbt.qld.gov.au/,,,,,61031,,,,
DESBT,Social Enterprise Grants Program,,"Funding of between $5,000 and $50,000 (excluding GST) may be provided to eligible social enterprises to engage business consultants, mentors, or digital experts to assist them to establish and grow their business and to grow their mission.",Business and industry,Employment and jobs,,"Business, startup or entrepreneur",Community group/not for profit,,Businesses,,,,,,Grow your business,Coaching & mentoring,,,,Grant,,,Closed,,,,,450000,,https://www.business.qld.gov.au/starting-business/advice-support/grants/social-enterprise,50000,,Eligibility criteria applies - please refer to guidelines,,61032,,,,
DESBT,Micro-Credentialing,,Funding of $5.5 million over three years to pilot micro-credentials for industry to enable them to grow their employee skills and increase  productivity ,Education and training,,,Predetermined recipient/s,,,Employees,,,,,,Coaching & mentoring,,,,,Grant,,,Open,,,,,2777200,,https://desbt.qld.gov.au/,,,,,61033,,,,
DESBT,Creating Your Future Job,,"To determine if self-employment is a viable and valid pathway for those job seekers who are seeking to apply their innovative commercial skills, as well as recognising the importance of fostering those that seek to pursue this pathway.  Supporting these jobseekers can lead to stronger businesses that in turn may lead to further local job creation. ",Education and training,,,Predetermined recipient/s,,,Jobseekers,,,,,,,,,,,Grant,,,Open,,,,,847400,,https://desbt.qld.gov.au/,,,,,61034,,,,
DESBT,Small Business COVID-19 Adaption Grant Program ,Regional,"The objective of this program is to support small businesses subject to closure or highly impacted by the coronavirus (COVID-19) shutdown restrictions announced by the Queensland Government, to adapt and sustain their operations, and build resilience.",Business and industry,,,"Business, startup or entrepreneur",,,Businesses,,,,,,,,,,,Grant,,,Closed,,6/08/2021,,,184740400,,https://www.business.qld.gov.au/starting-business/advice-support/grants/adaption,10000,,"To be eligible, your business must:
•have been subject to closure or otherwise highly impacted by current shutdown restrictions announced by Queensland's Chief Health Officer on 23 March 2020
•have experienced a minimum 30% decline since 23 March 2020, over a minimum 1-month period due to the onset and management of COVID-19
•employ staff and have fewer than 20 employees at the time of applying for the grant (employees must be on your payroll and does not include the business owner(s))
•have a valid Australian Business Number (ABN) active as at 23 March 2020
•be registered for GST
•have a Queensland headquarters
•have an annual turnover over $75,000 for the 2018–19 or 2019–20 financial year, or you can provide financial records that show this will be met for recently started small businesses
•have a payroll of less than $1.3 million
•not be insolvent or have owners or directors that are an undischarged bankrupt.

Only 1 application per round will be accepted from an individual ABN or a financial beneficiary of a business.

Successful applicants from round 1 of this program cannot apply for funding under round 2.

Use the eligibility tool below to find out if your business is eligible to apply.

Read the frequently asked questions for more information regarding eligibility.",You will be notified by email as to the outcome of your application.,61035,,,,
DESBT,Online Infection Control Training Fund,,Australian Government have provided $8.04m funding (matching state appropriation of $8.04m) for infection prevention and control training in customer-facing business to keep safe from COVID-19,Education and training,,,Individual seeking grant or assistance,,,Businesses,,,,,,,,,,,Grant,,,Open,,,,,16080000,,https://desbt.qld.gov.au/training/training-careers/incentives/infection-control,,,,,61036,,,,
DESBT,WAP - Hardship Payment Program,,"Hardship payment of $1,500 is available to eligible Queensland workers who may face financial hardship through enforced quarantine if they contract coronavirus (COVID-19) outside of their workplace.",Employment and jobs,,,Individual seeking grant or assistance,,,Employees,,,,,,,,,,,Grant,,,Open,,,,,1000000,,https://www.qld.gov.au/jobs/entitlements/hardship-payment-covid19,1500,,,,61037,,,,
DESBT,WAP - Jobs Finder Online Training,,"A suite of free, short online training courses to support Queenslanders who are out of work due to COVID -19",Education and training,,,Individual seeking grant or assistance,,,Employees,,,,,,,,,,,Grant,,,Open,,,,,10000000,,https://desbt.qld.gov.au/,,,,,61038,,,,
DESBT,WAP - Online COVID-19 Safe Training ,,"The COVID Safe micro-credentials will provide a deeper understanding of COVID-19, and  help  safeguard yourself, your colleagues and your customers from the virus.",Education and training,,,Individual seeking grant or assistance,,,Employees,,,,,,,,,,,Grant,,,Open,,,,,22240000,,https://desbt.qld.gov.au/,,,,,61039,,,,
DESBT,National Partnerships Job Trainer Fund,,"The JobTrainer Fund was announced on 16 July 2020 as part of the Australian Government’s $2 billion JobTrainer Skills Package.  The JobTrainer Fund will provide up to 340,700 additional training places that are free or low fee, in areas of identified skills need for job seekers and young people, including school leavers.",Education and training,,,Individual seeking grant or assistance,,,Individuals,,,,,,,,,,,Grant,,,Open,,,,,40000000,,https://desbt.qld.gov.au/training/training-careers/incentives/jobtrainer/job-seekers,,,,,61040,,,,
DESBT,FSF - Pre-Apprenticeship Support,,"Supporting the pathway from apprentice to qualified tradesperson, including services that: focus on supporting existing apprentices who have lost their jobs; increasing the number of tradespeople through alternative apprenticeship pathways; and linking targeted pre-apprenticeship training to attainment of an apprenticeship in a priority industry. A portion of the program may also form part of Queensland's contribution to the JobTrainer Fund.

The initiative includes $4.5 million to continue the SchoolTech program, which is a collaboration between TAFE Queensland, Woree State High School, and Skill360 (a registered group training organisation). The program supports eligible students to achieve a Queensland Certificate of Education through a combination of school learning, VET delivery, and work placement.",Education and training,,,Individual seeking grant or assistance,,,Individuals,,,,,,,,,,,Grant,,,Open,,,,,12500000,,https://desbt.qld.gov.au/training/future-skills-fund,,,,,61041,,,,
DESBT,Job Finder Queensland,,"A new online portal that will connect Queenslanders who have lost their jobs due to COVID-19 with new job opportunities.The online portal will allow Queenslanders who are looking for work to provide information on their skills, location and work experience",Employment and jobs,,,Individual seeking grant or assistance,,,Individuals,,,,,,,,,,,Grant,,,Open,,,,,545615,,https://desbt.qld.gov.au/,,,,,61042,,,,
DESBT,FSF - Workforce Transition Support Strategy,,"Future Skills Funding for Workforce Transition Support Program - $5m in 2020-21 (previously Regional Skills Adjustment Strategy)
Allocation of $5 million to support employers and workers to transition local workforce skills to take advantage of new or emerging industries during Queensland's economic recovery. The Program will focus on regional centres facing closure of major industries or emerging new industries seeking local skilled labour. TAFE Queensland Industry Liaison Officers will engage with companies that are closing and work with employees to provide career counselling, job search preparation, and training to enable them to get new jobs and link them to other opportunities. The Program will support emerging growth industries to get existing and new staff trained and allow for the delivery of non-accredited training. The Program was previously run as the Regional Skills Adjustment Strategy.",Education and training,,,Predetermined recipient/s,,,Individuals,,,,,,,,,,,Grant,,,Open,,,,,5000000,,https://desbt.qld.gov.au/training/future-skills-fund,,,,,61043,,,,
DESBT,Business Basics Grants,,The Business Basics Grant provides support to businesses to increase core skills and adopt best practice ,Business and industry,Employment and jobs,,"Business, startup or entrepreneur",,,Businesses,,,,,,Grow your business,Coaching & mentoring,,,,Grant,,,Closed,,,,,10000000,,https://www.business.qld.gov.au/businessbasics,5000,,"To be eligible to apply for this grant, the business must:

- have fewer than 20 employees (by head count) at the time of applying for the grant;
- have an active Australian Business Number (ABN) and be registered for GST;
- have a Queensland headquarters;
- have an expected turnover of $300,000 or less for the current financial year; and
- have owners/directors that are not insolvent or an undischarged bankrupt.

The applying business must be able to provide the following supporting documentation:

- a certified statutory declaration from the business' owner or director stating the business: has an expected turnover of $300,000 or less for the current finanical year and meets all grant eligibilty criteria; and
- supplier quotes (no more than two) detailing description and costs of services, who will undertake the activity, and an outline of key activities.

Only 1 application will be accepted from an individual ABN or a financial beneficiary of a business for consideration at any one time.",You will be notified by email as to the outcome of your application.,61044,,,,
DESBT,Business Boost Grant,,The Business Boost Grant supports businesses to advance improvements in their efficiency and productivity,Business and industry,Employment and jobs,,"Business, startup or entrepreneur",,,Businesses,,,,,,Grow your business,,,,,Grant,,,Closed,,30/07/2021,,,2500000,,https://www.business.qld.gov.au/businessboost,15000,,"To be eligible to apply, the business must (at the time of applying):
- have fewer than 20 employees (by headcount);
- have an active Australian Business Number (ABN) and registered for GST;
- have a Queensland headquarters; 
 - have a turnover of between $300,000 (minimum) and $600,000 (maximum) in the last financial year (2020-21); 
- have a publicly reachable web presence to identify business operations (for example, business website, social media pages); and
- have owners/directors that are not insolvent or undischarged bankrupt",You will be notified by email as to the outcome of your application.,61045,,,,
DESBT,Business Basics Grants,Round 2 Regional,The Business Basics Grant provides support to businesses to increase core skills and adopt best practice ,Business and industry,Employment and jobs,,"Business, startup or entrepreneur",,,Businesses,,,,,,Grow your business,Coaching & mentoring,,,,Grant,,,Closed,8/09/2021,11/10/2021,,,5000000,,https://www.business.qld.gov.au/businessbasics,5000,,"To be eligible to apply for this grant, the business must:

- have fewer than 20 employees (by head count) at the time of applying for the grant;
- have an active Australian Business Number (ABN) and be registered for GST;
- have a Queensland headquarters which is based in regional Queensland (see website);
- have an expected turnover of $300,000 or less for the current financial year (2020-21);
- not have been approved for funding under Round 1 of the Business Basics program; and
- have owners/directors that are not insolvent or an undischarged bankrupt.

The applying business must be able to provide the following supporting documentation:

- a certified statutory declaration from the business' owner or director stating the business: has an expected turnover of $300,000 or less for the current finanical year and meets all grant eligibilty criteria; and
- supplier quotes (no more than two) detailing description and costs of services, who will undertake the activity, and an outline of key activities.

Only 1 application will be accepted from an individual ABN or a financial beneficiary of a business for consideration at any one time.",You will be notified by email as to the outcome of your application.,61044,,,,
,,,,,,,,,,,,,,,,,,,,,,,,,,,,,,,,,,,,61047,,,,
,,,,,,,,,,,,,,,,,,,,,,,,,,,,,,,,,,,,61048,,,,
,,,,,,,,,,,,,,,,,,,,,,,,,,,,,,,,,,,,61049,,,,
,,,,,,,,,,,,,,,,,,,,,,,,,,,,,,,,,,,,61050,,,,
,,,,,,,,,,,,,,,,,,,,,,,,,,,,,,,,,,,,61051,,,,
,,,,,,,,,,,,,,,,,,,,,,,,,,,,,,,,,,,,61052,,,,
,,,,,,,,,,,,,,,,,,,,,,,,,,,,,,,,,,,,61053,,,,
,,,,,,,,,,,,,,,,,,,,,,,,,,,,,,,,,,,,61054,,,,
,,,,,,,,,,,,,,,,,,,,,,,,,,,,,,,,,,,,61055,,,,
,,,,,,,,,,,,,,,,,,,,,,,,,,,,,,,,,,,,61056,,,,
,,,,,,,,,,,,,,,,,,,,,,,,,,,,,,,,,,,,61057,,,,
,,,,,,,,,,,,,,,,,,,,,,,,,,,,,,,,,,,,61058,,,,
,,,,,,,,,,,,,,,,,,,,,,,,,,,,,,,,,,,,61059,,,,
,,,,,,,,,,,,,,,,,,,,,,,,,,,,,,,,,,,,61060,,,,
,,,,,,,,,,,,,,,,,,,,,,,,,,,,,,,,,,,,61061,,,,
,,,,,,,,,,,,,,,,,,,,,,,,,,,,,,,,,,,,61062,,,,
,,,,,,,,,,,,,,,,,,,,,,,,,,,,,,,,,,,,61063,,,,
,,,,,,,,,,,,,,,,,,,,,,,,,,,,,,,,,,,,61064,,,,
,,,,,,,,,,,,,,,,,,,,,,,,,,,,,,,,,,,,61065,,,,
,,,,,,,,,,,,,,,,,,,,,,,,,,,,,,,,,,,,61066,,,,
,,,,,,,,,,,,,,,,,,,,,,,,,,,,,,,,,,,,61067,,,,
,,,,,,,,,,,,,,,,,,,,,,,,,,,,,,,,,,,,61068,,,,
,,,,,,,,,,,,,,,,,,,,,,,,,,,,,,,,,,,,61069,,,,
,,,,,,,,,,,,,,,,,,,,,,,,,,,,,,,,,,,,61070,,,,
,,,,,,,,,,,,,,,,,,,,,,,,,,,,,,,,,,,,61071,,,,
,,,,,,,,,,,,,,,,,,,,,,,,,,,,,,,,,,,,61072,,,,
,,,,,,,,,,,,,,,,,,,,,,,,,,,,,,,,,,,,61073,,,,
,,,,,,,,,,,,,,,,,,,,,,,,,,,,,,,,,,,,61074,,,,
,,,,,,,,,,,,,,,,,,,,,,,,,,,,,,,,,,,,61075,,,,
,,,,,,,,,,,,,,,,,,,,,,,,,,,,,,,,,,,,61076,,,,
,,,,,,,,,,,,,,,,,,,,,,,,,,,,,,,,,,,,61077,,,,
,,,,,,,,,,,,,,,,,,,,,,,,,,,,,,,,,,,,61078,,,,
,,,,,,,,,,,,,,,,,,,,,,,,,,,,,,,,,,,,61079,,,,
,,,,,,,,,,,,,,,,,,,,,,,,,,,,,,,,,,,,61080,,,,
,,,,,,,,,,,,,,,,,,,,,,,,,,,,,,,,,,,,61081,,,,
,,,,,,,,,,,,,,,,,,,,,,,,,,,,,,,,,,,,61082,,,,
,,,,,,,,,,,,,,,,,,,,,,,,,,,,,,,,,,,,61083,,,,
,,,,,,,,,,,,,,,,,,,,,,,,,,,,,,,,,,,,61084,,,,
,,,,,,,,,,,,,,,,,,,,,,,,,,,,,,,,,,,,61085,,,,
,,,,,,,,,,,,,,,,,,,,,,,,,,,,,,,,,,,,61086,,,,
,,,,,,,,,,,,,,,,,,,,,,,,,,,,,,,,,,,,61087,,,,
,,,,,,,,,,,,,,,,,,,,,,,,,,,,,,,,,,,,61088,,,,
,,,,,,,,,,,,,,,,,,,,,,,,,,,,,,,,,,,,61089,,,,
,,,,,,,,,,,,,,,,,,,,,,,,,,,,,,,,,,,,61090,,,,
,,,,,,,,,,,,,,,,,,,,,,,,,,,,,,,,,,,,61091,,,,
,,,,,,,,,,,,,,,,,,,,,,,,,,,,,,,,,,,,61092,,,,
,,,,,,,,,,,,,,,,,,,,,,,,,,,,,,,,,,,,61093,,,,
,,,,,,,,,,,,,,,,,,,,,,,,,,,,,,,,,,,,61094,,,,
,,,,,,,,,,,,,,,,,,,,,,,,,,,,,,,,,,,,61095,,,,
,,,,,,,,,,,,,,,,,,,,,,,,,,,,,,,,,,,,61096,,,,
,,,,,,,,,,,,,,,,,,,,,,,,,,,,,,,,,,,,61097,,,,
,,,,,,,,,,,,,,,,,,,,,,,,,,,,,,,,,,,,61098,,,,
,,,,,,,,,,,,,,,,,,,,,,,,,,,,,,,,,,,,61099,,,,
,,,,,,,,,,,,,,,,,,,,,,,,,,,,,,,,,,,,61100,,,,
,,,,,,,,,,,,,,,,,,,,,,,,,,,,,,,,,,,,61101,,,,
,,,,,,,,,,,,,,,,,,,,,,,,,,,,,,,,,,,,61102,,,,
,,,,,,,,,,,,,,,,,,,,,,,,,,,,,,,,,,,,61103,,,,
,,,,,,,,,,,,,,,,,,,,,,,,,,,,,,,,,,,,61104,,,,
,,,,,,,,,,,,,,,,,,,,,,,,,,,,,,,,,,,,61105,,,,
,,,,,,,,,,,,,,,,,,,,,,,,,,,,,,,,,,,,61106,,,,
,,,,,,,,,,,,,,,,,,,,,,,,,,,,,,,,,,,,61107,,,,
,,,,,,,,,,,,,,,,,,,,,,,,,,,,,,,,,,,,61108,,,,
,,,,,,,,,,,,,,,,,,,,,,,,,,,,,,,,,,,,61109,,,,
,,,,,,,,,,,,,,,,,,,,,,,,,,,,,,,,,,,,61110,,,,
,,,,,,,,,,,,,,,,,,,,,,,,,,,,,,,,,,,,61111,,,,
,,,,,,,,,,,,,,,,,,,,,,,,,,,,,,,,,,,,61112,,,,
,,,,,,,,,,,,,,,,,,,,,,,,,,,,,,,,,,,,61113,,,,
,,,,,,,,,,,,,,,,,,,,,,,,,,,,,,,,,,,,61114,,,,
,,,,,,,,,,,,,,,,,,,,,,,,,,,,,,,,,,,,61115,,,,
,,,,,,,,,,,,,,,,,,,,,,,,,,,,,,,,,,,,61116,,,,
,,,,,,,,,,,,,,,,,,,,,,,,,,,,,,,,,,,,61117,,,,
,,,,,,,,,,,,,,,,,,,,,,,,,,,,,,,,,,,,61118,,,,
,,,,,,,,,,,,,,,,,,,,,,,,,,,,,,,,,,,,61119,,,,
,,,,,,,,,,,,,,,,,,,,,,,,,,,,,,,,,,,,61120,,,,
,,,,,,,,,,,,,,,,,,,,,,,,,,,,,,,,,,,,61121,,,,
,,,,,,,,,,,,,,,,,,,,,,,,,,,,,,,,,,,,61122,,,,
,,,,,,,,,,,,,,,,,,,,,,,,,,,,,,,,,,,,61123,,,,
,,,,,,,,,,,,,,,,,,,,,,,,,,,,,,,,,,,,61124,,,,
,,,,,,,,,,,,,,,,,,,,,,,,,,,,,,,,,,,,61125,,,,
,,,,,,,,,,,,,,,,,,,,,,,,,,,,,,,,,,,,61126,,,,
,,,,,,,,,,,,,,,,,,,,,,,,,,,,,,,,,,,,61127,,,,
,,,,,,,,,,,,,,,,,,,,,,,,,,,,,,,,,,,,61128,,,,
,,,,,,,,,,,,,,,,,,,,,,,,,,,,,,,,,,,,61129,,,,
,,,,,,,,,,,,,,,,,,,,,,,,,,,,,,,,,,,,61130,,,,
,,,,,,,,,,,,,,,,,,,,,,,,,,,,,,,,,,,,61131,,,,
,,,,,,,,,,,,,,,,,,,,,,,,,,,,,,,,,,,,61132,,,,
,,,,,,,,,,,,,,,,,,,,,,,,,,,,,,,,,,,,61133,,,,
,,,,,,,,,,,,,,,,,,,,,,,,,,,,,,,,,,,,61134,,,,
,,,,,,,,,,,,,,,,,,,,,,,,,,,,,,,,,,,,61135,,,,
,,,,,,,,,,,,,,,,,,,,,,,,,,,,,,,,,,,,61136,,,,
,,,,,,,,,,,,,,,,,,,,,,,,,,,,,,,,,,,,61137,,,,
,,,,,,,,,,,,,,,,,,,,,,,,,,,,,,,,,,,,61138,,,,
,,,,,,,,,,,,,,,,,,,,,,,,,,,,,,,,,,,,61139,,,,
,,,,,,,,,,,,,,,,,,,,,,,,,,,,,,,,,,,,61140,,,,
,,,,,,,,,,,,,,,,,,,,,,,,,,,,,,,,,,,,61141,,,,
,,,,,,,,,,,,,,,,,,,,,,,,,,,,,,,,,,,,61142,,,,
,,,,,,,,,,,,,,,,,,,,,,,,,,,,,,,,,,,,61143,,,,
,,,,,,,,,,,,,,,,,,,,,,,,,,,,,,,,,,,,61144,,,,
,,,,,,,,,,,,,,,,,,,,,,,,,,,,,,,,,,,,61145,,,,
,,,,,,,,,,,,,,,,,,,,,,,,,,,,,,,,,,,,61146,,,,
,,,,,,,,,,,,,,,,,,,,,,,,,,,,,,,,,,,,61147,,,,
,,,,,,,,,,,,,,,,,,,,,,,,,,,,,,,,,,,,61148,,,,
,,,,,,,,,,,,,,,,,,,,,,,,,,,,,,,,,,,,61149,,,,
,,,,,,,,,,,,,,,,,,,,,,,,,,,,,,,,,,,,61150,,,,
,,,,,,,,,,,,,,,,,,,,,,,,,,,,,,,,,,,,61151,,,,
,,,,,,,,,,,,,,,,,,,,,,,,,,,,,,,,,,,,61152,,,,
,,,,,,,,,,,,,,,,,,,,,,,,,,,,,,,,,,,,61153,,,,
,,,,,,,,,,,,,,,,,,,,,,,,,,,,,,,,,,,,61154,,,,
,,,,,,,,,,,,,,,,,,,,,,,,,,,,,,,,,,,,61155,,,,
,,,,,,,,,,,,,,,,,,,,,,,,,,,,,,,,,,,,61156,,,,
,,,,,,,,,,,,,,,,,,,,,,,,,,,,,,,,,,,,61157,,,,
,,,,,,,,,,,,,,,,,,,,,,,,,,,,,,,,,,,,61158,,,,
,,,,,,,,,,,,,,,,,,,,,,,,,,,,,,,,,,,,61159,,,,
,,,,,,,,,,,,,,,,,,,,,,,,,,,,,,,,,,,,61160,,,,
,,,,,,,,,,,,,,,,,,,,,,,,,,,,,,,,,,,,61161,,,,
,,,,,,,,,,,,,,,,,,,,,,,,,,,,,,,,,,,,61162,,,,
,,,,,,,,,,,,,,,,,,,,,,,,,,,,,,,,,,,,61163,,,,
,,,,,,,,,,,,,,,,,,,,,,,,,,,,,,,,,,,,61164,,,,
,,,,,,,,,,,,,,,,,,,,,,,,,,,,,,,,,,,,61165,,,,
,,,,,,,,,,,,,,,,,,,,,,,,,,,,,,,,,,,,61166,,,,
,,,,,,,,,,,,,,,,,,,,,,,,,,,,,,,,,,,,61167,,,,
,,,,,,,,,,,,,,,,,,,,,,,,,,,,,,,,,,,,61168,,,,
,,,,,,,,,,,,,,,,,,,,,,,,,,,,,,,,,,,,61169,,,,
,,,,,,,,,,,,,,,,,,,,,,,,,,,,,,,,,,,,61170,,,,
,,,,,,,,,,,,,,,,,,,,,,,,,,,,,,,,,,,,61171,,,,
,,,,,,,,,,,,,,,,,,,,,,,,,,,,,,,,,,,,61172,,,,
,,,,,,,,,,,,,,,,,,,,,,,,,,,,,,,,,,,,61173,,,,
,,,,,,,,,,,,,,,,,,,,,,,,,,,,,,,,,,,,61174,,,,
,,,,,,,,,,,,,,,,,,,,,,,,,,,,,,,,,,,,61175,,,,
,,,,,,,,,,,,,,,,,,,,,,,,,,,,,,,,,,,,61176,,,,
,,,,,,,,,,,,,,,,,,,,,,,,,,,,,,,,,,,,61177,,,,
,,,,,,,,,,,,,,,,,,,,,,,,,,,,,,,,,,,,61178,,,,
,,,,,,,,,,,,,,,,,,,,,,,,,,,,,,,,,,,,61179,,,,
,,,,,,,,,,,,,,,,,,,,,,,,,,,,,,,,,,,,61180,,,,
,,,,,,,,,,,,,,,,,,,,,,,,,,,,,,,,,,,,61181,,,,
,,,,,,,,,,,,,,,,,,,,,,,,,,,,,,,,,,,,61182,,,,
,,,,,,,,,,,,,,,,,,,,,,,,,,,,,,,,,,,,61183,,,,
,,,,,,,,,,,,,,,,,,,,,,,,,,,,,,,,,,,,61184,,,,
,,,,,,,,,,,,,,,,,,,,,,,,,,,,,,,,,,,,61185,,,,
,,,,,,,,,,,,,,,,,,,,,,,,,,,,,,,,,,,,61186,,,,
,,,,,,,,,,,,,,,,,,,,,,,,,,,,,,,,,,,,61187,,,,
,,,,,,,,,,,,,,,,,,,,,,,,,,,,,,,,,,,,61188,,,,
,,,,,,,,,,,,,,,,,,,,,,,,,,,,,,,,,,,,61189,,,,
,,,,,,,,,,,,,,,,,,,,,,,,,,,,,,,,,,,,61190,,,,
,,,,,,,,,,,,,,,,,,,,,,,,,,,,,,,,,,,,61191,,,,
,,,,,,,,,,,,,,,,,,,,,,,,,,,,,,,,,,,,61192,,,,
,,,,,,,,,,,,,,,,,,,,,,,,,,,,,,,,,,,,61193,,,,
,,,,,,,,,,,,,,,,,,,,,,,,,,,,,,,,,,,,61194,,,,
,,,,,,,,,,,,,,,,,,,,,,,,,,,,,,,,,,,,61195,,,,
,,,,,,,,,,,,,,,,,,,,,,,,,,,,,,,,,,,,61196,,,,
,,,,,,,,,,,,,,,,,,,,,,,,,,,,,,,,,,,,61197,,,,
,,,,,,,,,,,,,,,,,,,,,,,,,,,,,,,,,,,,61198,,,,
,,,,,,,,,,,,,,,,,,,,,,,,,,,,,,,,,,,,61199,,,,
,,,,,,,,,,,,,,,,,,,,,,,,,,,,,,,,,,,,61200,,,,
